epoch,batch,iteration,update,loss_discriminator,D(x),loss_generator,D(G(z)),D_up(G(z)),checkpoint,MS-SWD,LoS,sampling
1,1,1,1,2.3801774978637695,-2.5625,8.453404426574707,-8.4609375,-8.453125,True,0.2376536,0.4916603,True
1,2,2,1,2.38818621635437,-2.5703125,8.414844512939453,-8.421875,-8.4140625,False,,,False
1,3,3,1,2.3509538173675537,-2.525390625,7.795654296875,-8.4296875,-7.796875,False,,,False
1,4,4,1,2.1320717334747314,-2.255859375,6.1191511154174805,-6.7265625,-6.1171875,False,,,False
1,5,5,1,1.9551982879638672,-2.017578125,4.373168468475342,-4.828125,-4.3515625,False,,,False
1,6,6,1,1.8619139194488525,-1.8486328125,2.977050542831421,-3.322265625,-2.904296875,False,,,False
1,7,7,1,1.7733289003372192,-1.677734375,2.2374074459075928,-2.4296875,-2.1171875,False,,,False
1,8,8,1,1.7189974784851074,-1.4580078125,1.8644604682922363,-1.6611328125,-1.67578125,False,,,False
1,9,9,1,1.6394308805465698,-1.3125,1.6259984970092773,-1.46875,-1.3935546875,False,,,False
1,10,10,1,1.6229948997497559,-1.2158203125,1.4819986820220947,-1.228515625,-1.2119140625,False,,,False
1,11,11,1,1.547672152519226,-1.0703125,1.3505964279174805,-1.119140625,-1.04296875,False,,,False
1,12,12,1,1.509187936782837,-0.9208984375,1.1991914510726929,-0.91162109375,-0.83251953125,False,,,False
1,13,13,1,1.4592785835266113,-0.80029296875,1.1237189769744873,-0.822265625,-0.72705078125,False,,,False
1,14,14,1,1.427628755569458,-0.6572265625,1.0266170501708984,-0.66064453125,-0.5810546875,False,,,False
1,15,15,1,1.3839198350906372,-0.52587890625,0.9778844118118286,-0.57861328125,-0.5048828125,False,,,False
1,16,16,1,1.3839820623397827,-0.447998046875,0.9189494252204895,-0.469482421875,-0.408935546875,False,,,False
1,17,17,1,1.3646692037582397,-0.348388671875,0.8718130588531494,-0.3916015625,-0.32958984375,False,,,False
1,18,18,1,1.350416660308838,-0.27783203125,0.8652061223983765,-0.34423828125,-0.31787109375,False,,,False
1,19,19,1,1.3384904861450195,-0.22705078125,0.8562361001968384,-0.31591796875,-0.302490234375,False,,,False
1,20,20,1,1.3293392658233643,-0.2020263671875,0.8482921123504639,-0.310791015625,-0.288818359375,False,,,False
1,21,21,1,1.3213348388671875,-0.158447265625,0.8511978387832642,-0.283447265625,-0.294189453125,False,,,False
1,22,22,1,1.3221850395202637,-0.147216796875,0.839635968208313,-0.27001953125,-0.27392578125,False,,,False
1,23,23,1,1.3284518718719482,-0.1395263671875,0.8312935829162598,-0.2476806640625,-0.25927734375,False,,,False
1,24,24,1,1.3241510391235352,-0.13134765625,0.8380361199378967,-0.249755859375,-0.27099609375,False,,,False
1,25,25,1,1.3116850852966309,-0.1207275390625,0.833288311958313,-0.26806640625,-0.26220703125,False,,,False
1,26,26,1,1.3320852518081665,-0.09869384765625,0.7907569408416748,-0.2000732421875,-0.1864013671875,False,,,False
1,27,27,1,1.3133150339126587,-0.061920166015625,0.8180367946624756,-0.20751953125,-0.235595703125,False,,,False
1,28,28,1,1.3244967460632324,-0.07891845703125,0.8012609481811523,-0.1986083984375,-0.205322265625,False,,,False
1,29,29,1,1.315738558769226,-0.06317138671875,0.8174867630004883,-0.203857421875,-0.234375,False,,,False
1,30,30,1,1.3198044300079346,-0.053436279296875,0.8154271841049194,-0.185302734375,-0.23095703125,False,,,False
1,31,31,1,1.3132953643798828,-0.07763671875,0.8149968981742859,-0.2225341796875,-0.22998046875,False,,,False
1,32,32,1,1.3157901763916016,-0.059844970703125,0.7977024912834167,-0.2001953125,-0.198974609375,False,,,False
1,33,33,1,1.308916687965393,-0.03887939453125,0.8264933824539185,-0.196044921875,-0.250732421875,False,,,False
1,34,34,1,1.3109840154647827,-0.067138671875,0.8179007172584534,-0.2177734375,-0.2352294921875,False,,,False
1,35,35,1,1.3015427589416504,-0.054962158203125,0.8197728395462036,-0.2274169921875,-0.23876953125,False,,,False
1,36,36,1,1.3022925853729248,-0.04193115234375,0.8334239721298218,-0.2137451171875,-0.2626953125,False,,,False
1,37,37,1,1.2666066884994507,-0.03961181640625,0.8620243668556213,-0.294189453125,-0.311767578125,False,,,False
1,38,38,1,1.3021743297576904,-0.004695892333984375,0.8264376521110535,-0.1802978515625,-0.250732421875,False,,,False
1,39,39,1,1.2786351442337036,-0.0325927734375,0.8573205471038818,-0.258544921875,-0.304931640625,False,,,False
1,40,40,1,1.28033447265625,-0.062255859375,0.8666362166404724,-0.283203125,-0.32080078125,False,,,False
1,41,41,1,1.2559523582458496,-0.032012939453125,0.8719911575317383,-0.31103515625,-0.330322265625,False,,,False
1,42,42,1,1.2882100343704224,0.00705718994140625,0.84364253282547,-0.2008056640625,-0.281005859375,False,,,False
1,43,43,1,1.279350757598877,-0.043548583984375,0.8224748969078064,-0.267333984375,-0.2437744140625,False,,,False
1,44,44,1,1.2784978151321411,0.0192718505859375,0.8259162902832031,-0.211669921875,-0.249755859375,False,,,False
1,45,45,1,1.2705541849136353,0.018157958984375,0.8295064568519592,-0.2305908203125,-0.256103515625,False,,,False
1,46,46,1,1.276410698890686,0.0017833709716796875,0.8193596601486206,-0.232177734375,-0.238037109375,False,,,False
1,47,47,1,1.2678576707839966,0.03582763671875,0.8029782772064209,-0.220947265625,-0.208740234375,False,,,False
1,48,48,1,1.2633225917816162,0.07916259765625,0.8677334785461426,-0.194091796875,-0.322265625,False,,,False
1,49,49,1,1.225508213043213,-0.0095367431640625,0.8965361714363098,-0.36376953125,-0.37060546875,False,,,False
1,50,50,1,1.2522985935211182,0.049774169921875,0.917626678943634,-0.2445068359375,-0.406494140625,False,,,False
1,51,51,1,1.1994582414627075,-0.0181121826171875,0.9245875477790833,-0.4404296875,-0.4150390625,False,,,False
1,52,52,1,1.248844027519226,0.088623046875,0.9753867387771606,-0.21826171875,-0.4990234375,False,,,False
1,53,53,1,1.2038798332214355,-0.1246337890625,0.8972524404525757,-0.544921875,-0.372314453125,False,,,False
1,54,54,1,1.240465521812439,0.08050537109375,1.013073205947876,-0.244140625,-0.56005859375,False,,,False
1,55,55,1,1.2143617868423462,-0.15966796875,0.8945683240890503,-0.560546875,-0.366943359375,False,,,False
1,56,56,1,1.25323486328125,0.06304931640625,0.9763331413269043,-0.2303466796875,-0.50146484375,False,,,False
1,57,57,1,1.2316462993621826,-0.154296875,0.8728445768356323,-0.50927734375,-0.32861328125,False,,,False
1,58,58,1,1.2822988033294678,0.09588623046875,1.0355007648468018,-0.13916015625,-0.59423828125,False,,,False
1,59,59,1,1.242068886756897,-0.2578125,0.8891189098358154,-0.60888671875,-0.357177734375,False,,,False
1,60,60,1,1.2556138038635254,0.04571533203125,1.0900546312332153,-0.2406005859375,-0.67724609375,False,,,False
1,61,61,1,1.2101686000823975,-0.220947265625,0.9429289102554321,-0.65185546875,-0.44677734375,False,,,False
1,62,62,1,1.266566276550293,0.08978271484375,0.9434942007064819,-0.178466796875,-0.4482421875,False,,,False
1,63,63,1,1.264115571975708,-0.1334228515625,0.8288722634315491,-0.396240234375,-0.254638671875,False,,,False
1,64,64,1,1.2566200494766235,0.05322265625,0.9315522909164429,-0.23193359375,-0.42919921875,False,,,False
1,65,65,1,1.2512905597686768,-0.1103515625,0.8602714538574219,-0.404541015625,-0.30859375,False,,,False
1,66,66,1,1.2554748058319092,0.02142333984375,0.9026206731796265,-0.2646484375,-0.3798828125,False,,,False
1,67,67,1,1.251222014427185,-0.057830810546875,0.8245988488197327,-0.348876953125,-0.2467041015625,False,,,False
1,68,68,1,1.2261486053466797,0.07763671875,0.9438279867172241,-0.280517578125,-0.44921875,False,,,False
1,69,69,1,1.2159113883972168,-0.051239013671875,0.8318053483963013,-0.431640625,-0.2587890625,False,,,False
1,70,70,1,1.2426649332046509,0.169677734375,1.0553901195526123,-0.1671142578125,-0.626953125,False,,,False
1,71,71,1,1.221482753753662,-0.218994140625,0.7717469930648804,-0.611328125,-0.1505126953125,False,,,False
1,72,72,1,1.2788457870483398,0.33056640625,0.9604340195655823,0.02069091796875,-0.47705078125,False,,,False
1,73,73,1,1.2772440910339355,-0.1788330078125,0.7570920586585999,-0.412841796875,-0.12286376953125,False,,,False
1,74,74,1,1.2843942642211914,0.1715087890625,0.7950782179832458,-0.0762939453125,-0.1939697265625,False,,,False
1,75,75,1,1.2740824222564697,0.08978271484375,0.7890385985374451,-0.1617431640625,-0.18310546875,False,,,False
1,76,76,1,1.2691478729248047,0.092529296875,0.8348938226699829,-0.170166015625,-0.265625,False,,,False
1,77,77,1,1.2642385959625244,0.018951416015625,0.7595024704933167,-0.244384765625,-0.128173828125,False,,,False
1,78,78,1,1.2528033256530762,0.207275390625,0.8566849827766418,-0.11566162109375,-0.303955078125,False,,,False
1,79,79,1,1.241551399230957,0.0292510986328125,0.786874532699585,-0.287109375,-0.1793212890625,False,,,False
1,80,80,1,1.2313883304595947,0.1815185546875,0.8452451229095459,-0.1815185546875,-0.283935546875,False,,,False
1,81,81,1,1.227462649345398,0.0931396484375,0.8012820482254028,-0.26318359375,-0.2054443359375,False,,,False
1,82,82,1,1.2197675704956055,0.208984375,0.8722624778747559,-0.1856689453125,-0.330322265625,False,,,False
1,83,83,1,1.2158163785934448,0.0718994140625,0.7843685150146484,-0.309326171875,-0.174560546875,False,,,False
1,84,84,1,1.2257678508758545,0.28515625,0.9114615321159363,-0.116943359375,-0.396728515625,False,,,False
1,85,85,1,1.2245917320251465,0.0015888214111328125,0.7119144797325134,-0.354248046875,-0.03680419921875,False,,,False
1,86,86,1,1.2366080284118652,0.4501953125,1.0484435558319092,0.01031494140625,-0.6162109375,False,,,False
1,87,87,1,1.2631018161773682,-0.2626953125,0.6213221549987793,-0.5517578125,0.1507568359375,False,,,False
1,88,88,1,1.2914514541625977,0.74560546875,0.9969225525856018,0.253662109375,-0.53564453125,False,,,False
1,89,89,1,1.2714524269104004,-0.2095947265625,0.6538197994232178,-0.463623046875,0.0809326171875,False,,,False
1,90,90,1,1.2572855949401855,0.630859375,0.8783700466156006,0.142578125,-0.3408203125,False,,,False
1,91,91,1,1.2440643310546875,0.0012989044189453125,0.7036252021789551,-0.307373046875,-0.0207061767578125,False,,,False
1,92,92,1,1.2406971454620361,0.445068359375,0.8447601795196533,0.01511383056640625,-0.282958984375,False,,,False
1,93,93,1,1.2280590534210205,0.08062744140625,0.7470816373825073,-0.2724609375,-0.10498046875,False,,,False
1,94,94,1,1.2373771667480469,0.308837890625,0.8552098870277405,-0.076171875,-0.30126953125,False,,,False
1,95,95,1,1.2300783395767212,0.0635986328125,0.7254172563552856,-0.282958984375,-0.0633544921875,False,,,False
1,96,96,1,1.2327148914337158,0.384521484375,0.8839986324310303,-0.0369873046875,-0.3505859375,False,,,False
1,97,97,1,1.2442781925201416,0.0172271728515625,0.6704015731811523,-0.292236328125,0.046539306640625,False,,,False
1,98,98,1,1.259002447128296,0.53466796875,0.9592701196670532,0.09918212890625,-0.47509765625,False,,,False
1,99,99,1,1.2551906108856201,-0.157958984375,0.6400995850563049,-0.445068359375,0.11041259765625,False,,,False
1,100,100,1,1.2597455978393555,0.67822265625,0.9284424185752869,0.16748046875,-0.424560546875,False,,,False
1,101,101,1,1.2159593105316162,-0.0689697265625,0.6977264285087585,-0.447509765625,-0.008331298828125,False,0.42306677,0.49906835,True
1,102,102,1,1.205104947090149,0.58984375,0.8508467674255371,0.0228118896484375,-0.293701171875,False,,,False
1,103,103,1,1.1667389869689941,0.165771484375,0.7833088040351868,-0.3427734375,-0.1727294921875,False,,,False
1,104,104,1,1.181882619857788,0.466064453125,0.8940544128417969,-0.09234619140625,-0.367919921875,False,,,False
1,105,105,1,1.1582260131835938,0.1708984375,0.7757923603057861,-0.359375,-0.158935546875,False,,,False
1,106,106,1,1.1967251300811768,0.52490234375,0.8528376817703247,-0.0283203125,-0.297119140625,False,,,False
1,107,107,1,1.1817702054977417,0.1949462890625,0.7385525107383728,-0.282958984375,-0.088623046875,False,,,False
1,108,108,1,1.1805499792099,0.490966796875,0.9095228910446167,-0.0806884765625,-0.3935546875,False,,,False
1,109,109,1,1.1740903854370117,0.1033935546875,0.6855713129043579,-0.38134765625,0.0156707763671875,False,,,False
1,110,110,1,1.2168707847595215,0.7216796875,0.9623467922210693,0.10711669921875,-0.48046875,False,,,False
1,111,111,1,1.23389732837677,-0.053314208984375,0.6130456924438477,-0.385986328125,0.16845703125,False,,,False
1,112,112,1,1.2312393188476562,0.85888671875,0.9169634580612183,0.185791015625,-0.405517578125,False,,,False
1,113,113,1,1.2176003456115723,0.01380157470703125,0.634425163269043,-0.359375,0.12249755859375,False,,,False
1,114,114,1,1.232246994972229,0.904296875,0.874703586101532,0.2041015625,-0.33447265625,False,,,False
1,115,115,1,1.2109055519104004,0.083984375,0.6437422037124634,-0.31005859375,0.1029052734375,False,,,False
1,116,116,1,1.2161177396774292,0.81982421875,0.8529808521270752,0.1444091796875,-0.297119140625,False,,,False
1,117,117,1,1.193805456161499,0.15185546875,0.676084041595459,-0.290771484375,0.034912109375,False,,,False
1,118,118,1,1.1947307586669922,0.7177734375,0.8541818261146545,0.062347412109375,-0.29931640625,False,,,False
1,119,119,1,1.1660659313201904,0.207275390625,0.6996891498565674,-0.3095703125,-0.01258087158203125,False,,,False
1,120,120,1,1.1677360534667969,0.7119140625,0.9001764059066772,0.007610321044921875,-0.377685546875,False,,,False
1,121,121,1,1.146850347518921,0.177734375,0.7087551355361938,-0.3818359375,-0.03045654296875,False,,,False
1,122,122,1,1.175306797027588,0.85986328125,0.9080623388290405,0.08197021484375,-0.39013671875,False,,,False
1,123,123,1,1.1716299057006836,0.1434326171875,0.6739933490753174,-0.350830078125,0.03961181640625,False,,,False
1,124,124,1,1.186764121055603,0.86767578125,0.9111177921295166,0.1082763671875,-0.396240234375,False,,,False
1,125,125,1,1.181934118270874,0.10394287109375,0.6417792439460754,-0.3623046875,0.1080322265625,False,,,False
1,126,126,1,1.2052972316741943,0.98486328125,0.9220523238182068,0.18115234375,-0.413818359375,False,,,False
1,127,127,1,1.1814426183700562,0.07855224609375,0.6524567604064941,-0.38623046875,0.0838623046875,False,,,False
1,128,128,1,1.1919106245040894,0.90234375,0.8943058252334595,0.1280517578125,-0.3671875,False,,,False
1,129,129,1,1.1677817106246948,0.126708984375,0.6751908659934998,-0.37646484375,0.038177490234375,False,,,False
1,130,130,1,1.176457166671753,0.84228515625,0.8980849981307983,0.078857421875,-0.3740234375,False,,,False
1,131,131,1,1.1727924346923828,0.1546630859375,0.6592972874641418,-0.339111328125,0.07122802734375,False,,,False
1,132,132,1,1.1816483736038208,0.9375,0.878231406211853,0.122314453125,-0.34033203125,False,,,False
1,133,133,1,1.1596444845199585,0.197509765625,0.6798698306083679,-0.33447265625,0.0280914306640625,False,,,False
1,134,134,1,1.164332628250122,0.9052734375,0.9692366123199463,0.077392578125,-0.489013671875,False,,,False
1,135,135,1,1.1559088230133057,0.067138671875,0.6661250591278076,-0.46337890625,0.056182861328125,False,,,False
1,136,136,1,1.1839646100997925,1.0068359375,0.9224252700805664,0.14892578125,-0.41455078125,False,,,False
1,137,137,1,1.1374671459197998,0.144287109375,0.6855393648147583,-0.437255859375,0.016876220703125,False,,,False
1,138,138,1,1.161907434463501,0.97705078125,0.9332089424133301,0.0980224609375,-0.432373046875,False,,,False
1,139,139,1,1.1426308155059814,0.139404296875,0.6746857166290283,-0.4296875,0.039398193359375,False,,,False
1,140,140,1,1.1753015518188477,1.048828125,0.9367566108703613,0.1461181640625,-0.4384765625,False,,,False
1,141,141,1,1.1309090852737427,0.1356201171875,0.6899351477622986,-0.462646484375,0.007663726806640625,False,,,False
1,142,142,1,1.1544471979141235,1.00390625,0.9018722772598267,0.093017578125,-0.380126953125,False,,,False
1,143,143,1,1.1246716976165771,0.238525390625,0.7069029808044434,-0.38525390625,-0.02685546875,False,,,False
1,144,144,1,1.1334362030029297,0.92333984375,0.8717085123062134,0.0249176025390625,-0.329345703125,False,,,False
1,145,145,1,1.1141531467437744,0.34375,0.7253302335739136,-0.325927734375,-0.0631103515625,False,,,False
1,146,146,1,1.1128822565078735,0.84912109375,0.8787159323692322,-0.044097900390625,-0.34130859375,False,,,False
1,147,147,1,1.0790432691574097,0.373046875,0.7686532735824585,-0.39013671875,-0.1455078125,False,,,False
1,148,148,1,1.085088849067688,0.81494140625,0.9216517210006714,-0.116943359375,-0.413818359375,False,,,False
1,149,149,1,1.0777146816253662,0.358154296875,0.7541289925575256,-0.406005859375,-0.11822509765625,False,,,False
1,150,150,1,1.1019954681396484,0.84765625,0.9342638850212097,-0.06732177734375,-0.43408203125,False,,,False
1,151,151,1,1.0743279457092285,0.2861328125,0.7172509431838989,-0.47412109375,-0.047027587890625,False,,,False
1,152,152,1,1.111785888671875,1.0439453125,1.077665090560913,0.02374267578125,-0.65771484375,False,,,False
1,153,153,1,1.1005809307098389,0.051971435546875,0.67723149061203,-0.64111328125,0.033843994140625,False,,,False
1,154,154,1,1.2067097425460815,1.4404296875,0.9415783882141113,0.287109375,-0.44482421875,False,,,False
1,155,155,1,1.1496648788452148,0.173828125,0.6509804129600525,-0.380859375,0.089111328125,False,,,False
1,156,156,1,1.142825722694397,1.177734375,0.8776967525482178,0.1204833984375,-0.33935546875,False,,,False
1,157,157,1,1.107624888420105,0.351806640625,0.7049816846847534,-0.33642578125,-0.02227783203125,False,,,False
1,158,158,1,1.1072063446044922,1.017578125,0.9269434213638306,0.00676727294921875,-0.4228515625,False,,,False
1,159,159,1,1.0744385719299316,0.34326171875,0.7269895076751709,-0.425048828125,-0.06500244140625,False,,,False
1,160,160,1,1.1205295324325562,1.138671875,0.8606550693511963,0.06829833984375,-0.309814453125,False,,,False
1,161,161,1,1.107616662979126,0.43896484375,0.6967582106590271,-0.2744140625,-0.00638580322265625,False,,,False
1,162,162,1,1.1021230220794678,1.041015625,0.7936297059059143,0.0038909912109375,-0.191650390625,False,,,False
1,163,163,1,1.0911813974380493,0.6435546875,0.7413589358329773,-0.1866455078125,-0.0941162109375,False,,,False
1,164,164,1,1.0830419063568115,0.8974609375,0.8164314031600952,-0.0859375,-0.2325439453125,False,,,False
1,165,165,1,1.071087121963501,0.61181640625,0.7827468514442444,-0.24951171875,-0.17138671875,False,,,False
1,166,166,1,1.0763399600982666,0.7890625,0.8416975140571594,-0.1463623046875,-0.27734375,False,,,False
1,167,167,1,1.0765315294265747,0.57763671875,0.7138879895210266,-0.257080078125,-0.0404052734375,False,,,False
1,168,168,1,1.083531379699707,1.0703125,0.929473876953125,-0.02398681640625,-0.42626953125,False,,,False
1,169,169,1,1.0961283445358276,0.3076171875,0.6314806938171387,-0.39990234375,0.133056640625,False,,,False
1,170,170,1,1.1807774305343628,1.625,0.9683012366294861,0.266357421875,-0.486083984375,False,,,False
1,171,171,1,1.1359591484069824,0.11700439453125,0.6226845383644104,-0.470458984375,0.14892578125,False,,,False
1,172,172,1,1.237776517868042,1.818359375,0.9358872771263123,0.375,-0.4345703125,False,,,False
1,173,173,1,1.1000101566314697,0.261474609375,0.6912493705749512,-0.432861328125,0.0046844482421875,False,,,False
1,174,174,1,1.1218291521072388,1.3193359375,0.8978258371353149,0.11395263671875,-0.373046875,False,,,False
1,175,175,1,1.0943288803100586,0.415283203125,0.713381826877594,-0.3232421875,-0.03973388671875,False,,,False
1,176,176,1,1.1180709600448608,1.1005859375,0.8875921368598938,0.053253173828125,-0.35546875,False,,,False
1,177,177,1,1.108652114868164,0.376708984375,0.6844347715377808,-0.316162109375,0.0179443359375,False,,,False
1,178,178,1,1.1095646619796753,1.1318359375,0.8616454601287842,0.04547119140625,-0.3115234375,False,,,False
1,179,179,1,1.084167242050171,0.4716796875,0.7122677564620972,-0.30810546875,-0.03759765625,False,,,False
1,180,180,1,1.1115137338638306,1.0966796875,0.8774468302726746,0.039276123046875,-0.33740234375,False,,,False
1,181,181,1,1.1107919216156006,0.363037109375,0.6664040088653564,-0.32373046875,0.056060791015625,False,,,False
1,182,182,1,1.1478768587112427,1.19140625,0.9911408424377441,0.1343994140625,-0.521484375,False,,,False
1,183,183,1,1.1633673906326294,0.034881591796875,0.5858069658279419,-0.485595703125,0.230712890625,False,,,False
1,184,184,1,1.2764536142349243,1.59375,1.0897574424743652,0.424072265625,-0.67236328125,False,,,False
1,185,185,1,1.1755071878433228,-0.15380859375,0.6434837579727173,-0.66552734375,0.10491943359375,False,,,False
1,186,186,1,1.2290115356445312,1.6435546875,0.8003987073898315,0.350341796875,-0.2034912109375,False,,,False
1,187,187,1,1.1135519742965698,0.5888671875,0.7640748023986816,-0.1680908203125,-0.1365966796875,False,,,False
1,188,188,1,1.0933494567871094,0.697265625,0.8184252977371216,-0.15380859375,-0.2352294921875,False,,,False
1,189,189,1,1.0771068334579468,0.63623046875,0.8390048146247864,-0.223388671875,-0.27099609375,False,,,False
1,190,190,1,1.1205754280090332,0.59765625,0.8876820802688599,-0.1484375,-0.35498046875,False,,,False
1,191,191,1,1.11586594581604,0.411376953125,0.7548962831497192,-0.27392578125,-0.11962890625,False,,,False
1,192,192,1,1.1835345029830933,0.861328125,1.0936455726623535,0.09869384765625,-0.67919921875,False,,,False
1,193,193,1,1.2200660705566406,-0.15283203125,0.564225435256958,-0.5361328125,0.281982421875,False,,,False
1,194,194,1,1.338322639465332,1.6796875,0.9855353236198425,0.5302734375,-0.513671875,False,,,False
1,195,195,1,1.1955654621124268,0.021575927734375,0.6159764528274536,-0.409912109375,0.1656494140625,False,,,False
1,196,196,1,1.2320623397827148,1.2236328125,0.9926508665084839,0.29296875,-0.52734375,False,,,False
1,197,197,1,1.1699392795562744,0.0021686553955078125,0.640626072883606,-0.49560546875,0.1102294921875,False,,,False
1,198,198,1,1.2179508209228516,1.1640625,0.9714351892471313,0.2529296875,-0.4931640625,False,,,False
1,199,199,1,1.1646308898925781,0.0880126953125,0.6484674215316772,-0.423095703125,0.0927734375,False,,,False
1,200,200,1,1.1957213878631592,1.111328125,1.0047290325164795,0.2010498046875,-0.5458984375,False,,,False
1,201,201,1,1.1854496002197266,0.033966064453125,0.6347190141677856,-0.4267578125,0.12432861328125,False,0.50461245,0.48809806,True
1,202,202,1,1.202897310256958,1.28125,0.9233675003051758,0.25341796875,-0.415771484375,False,,,False
1,203,203,1,1.1355619430541992,0.208984375,0.6865320205688477,-0.386474609375,0.0146331787109375,False,,,False
1,204,204,1,1.135232925415039,0.99169921875,0.8790149092674255,0.052642822265625,-0.340576171875,False,,,False
1,205,205,1,1.122514247894287,0.32568359375,0.7027297019958496,-0.3212890625,-0.0186004638671875,False,,,False
1,206,206,1,1.1252305507659912,0.9912109375,0.9154599905014038,0.0328369140625,-0.401611328125,False,,,False
1,207,207,1,1.1077691316604614,0.292236328125,0.6981279850006104,-0.384033203125,-0.00936126708984375,False,,,False
1,208,208,1,1.125974178314209,1.0615234375,0.9530425071716309,0.05645751953125,-0.4609375,False,,,False
1,209,209,1,1.110300898551941,0.228271484375,0.6754238605499268,-0.433837890625,0.03680419921875,False,,,False
1,210,210,1,1.1480270624160767,1.234375,0.9591271281242371,0.1436767578125,-0.472412109375,False,,,False
1,211,211,1,1.1303441524505615,0.2037353515625,0.6601477861404419,-0.402587890625,0.06884765625,False,,,False
1,212,212,1,1.1525272130966187,1.3037109375,0.9446269273757935,0.16748046875,-0.449951171875,False,,,False
1,213,213,1,1.1124956607818604,0.2470703125,0.6762062907218933,-0.410400390625,0.0350341796875,False,,,False
1,214,214,1,1.1230223178863525,1.2451171875,0.9889215230941772,0.10028076171875,-0.52001953125,False,,,False
1,215,215,1,1.1173458099365234,0.2239990234375,0.6681810617446899,-0.418701171875,0.05218505859375,False,,,False
1,216,216,1,1.131730079650879,1.376953125,0.9222105741500854,0.1429443359375,-0.412109375,False,,,False
1,217,217,1,1.0775940418243408,0.364990234375,0.7099992036819458,-0.40087890625,-0.033203125,False,,,False
1,218,218,1,1.0915716886520386,1.1875,0.9108556509017944,0.025299072265625,-0.39404296875,False,,,False
1,219,219,1,1.074601173400879,0.432373046875,0.7057458162307739,-0.3603515625,-0.0245819091796875,False,,,False
1,220,220,1,1.0780673027038574,1.275390625,0.8938241004943848,0.02081298828125,-0.3642578125,False,,,False
1,221,221,1,1.0350611209869385,0.5341796875,0.7554118037223816,-0.3857421875,-0.1207275390625,False,,,False
1,222,222,1,1.0317668914794922,1.1787109375,0.9530968070030212,-0.09783935546875,-0.46044921875,False,,,False
1,223,223,1,0.9937271475791931,0.5419921875,0.7883464097976685,-0.48974609375,-0.181640625,False,,,False
1,224,224,1,1.0394245386123657,1.28515625,0.93941330909729,-0.054107666015625,-0.439208984375,False,,,False
1,225,225,1,1.0253905057907104,0.51171875,0.7372492551803589,-0.42822265625,-0.086181640625,False,,,False
1,226,226,1,1.0454515218734741,1.3369140625,0.9378663301467896,-0.0304718017578125,-0.435546875,False,,,False
1,227,227,1,1.0282498598098755,0.50244140625,0.7147800922393799,-0.42626953125,-0.042724609375,False,,,False
1,228,228,1,1.0669490098953247,1.5078125,0.9549711346626282,0.044769287109375,-0.466064453125,False,,,False
1,229,229,1,1.0647462606430054,0.434326171875,0.6688884496688843,-0.386474609375,0.050750732421875,False,,,False
1,230,230,1,1.0933444499969482,1.7275390625,0.9901828765869141,0.12188720703125,-0.5205078125,False,,,False
1,231,231,1,1.0612919330596924,0.3662109375,0.6738268733024597,-0.4453125,0.0400390625,False,,,False
1,232,232,1,1.1005398035049438,1.78125,0.9437956809997559,0.139892578125,-0.445556640625,False,,,False
1,233,233,1,1.042443871498108,0.5078125,0.705766499042511,-0.387451171875,-0.024627685546875,False,,,False
1,234,234,1,1.0468940734863281,1.587890625,0.879265308380127,0.0171661376953125,-0.339599609375,False,,,False
1,235,235,1,0.985192596912384,0.74072265625,0.803518533706665,-0.385498046875,-0.2081298828125,False,,,False
1,236,236,1,0.9846076369285583,1.2958984375,0.9192430377006531,-0.167724609375,-0.4052734375,False,,,False
1,237,237,1,0.969841718673706,0.765625,0.8035179972648621,-0.41162109375,-0.2080078125,False,,,False
1,238,238,1,0.9901478886604309,1.314453125,0.892971396446228,-0.1519775390625,-0.36181640625,False,,,False
1,239,239,1,0.9709290266036987,0.8544921875,0.8104003071784973,-0.361328125,-0.2208251953125,False,,,False
1,240,240,1,0.9825369119644165,1.2509765625,0.8699918985366821,-0.184326171875,-0.3251953125,False,,,False
1,241,241,1,0.9742980003356934,0.92236328125,0.8056482672691345,-0.321044921875,-0.212646484375,False,,,False
1,242,242,1,0.9711275696754456,1.251953125,0.9132837057113647,-0.2099609375,-0.396240234375,False,,,False
1,243,243,1,0.974042534828186,0.814453125,0.7721397876739502,-0.37451171875,-0.1514892578125,False,,,False
1,244,244,1,1.0008833408355713,1.5302734375,0.9318088293075562,-0.0848388671875,-0.427734375,False,,,False
1,245,245,1,1.0146420001983643,0.62646484375,0.6978490352630615,-0.381103515625,-0.00829315185546875,False,,,False
1,246,246,1,1.058549165725708,1.9365234375,0.8667194843292236,0.06982421875,-0.318115234375,False,,,False
1,247,247,1,0.9995797276496887,0.78564453125,0.7274237871170044,-0.326904296875,-0.06719970703125,False,,,False
1,248,248,1,1.0109843015670776,1.7177734375,0.8932222127914429,-0.039031982421875,-0.3623046875,False,,,False
1,249,249,1,0.9979674816131592,0.791015625,0.7263442277908325,-0.3271484375,-0.06512451171875,False,,,False
1,250,250,1,1.0099464654922485,1.7138671875,0.8546748161315918,-0.0416259765625,-0.29833984375,False,,,False
1,251,251,1,0.977088212966919,0.9140625,0.7703722715377808,-0.317626953125,-0.1485595703125,False,,,False
1,252,252,1,0.960507869720459,1.552734375,0.9270765781402588,-0.1685791015625,-0.415771484375,False,,,False
1,253,253,1,0.9034734964370728,0.88037109375,0.8557911515235901,-0.52587890625,-0.30029296875,False,,,False
1,254,254,1,0.9701152443885803,1.6337890625,0.945281445980072,-0.134521484375,-0.4501953125,False,,,False
1,255,255,1,0.9914109706878662,0.7578125,0.710421621799469,-0.361572265625,-0.033905029296875,False,,,False
1,256,256,1,1.0161374807357788,1.982421875,0.9073379039764404,-0.0102996826171875,-0.38671875,False,,,False
1,257,257,1,0.9870336651802063,0.78076171875,0.7270549535751343,-0.361328125,-0.06658935546875,False,,,False
1,258,258,1,1.0128204822540283,2.01171875,0.8927940130233765,-0.0144805908203125,-0.361083984375,False,,,False
1,259,259,1,0.9416966438293457,0.904296875,0.7874090075492859,-0.41357421875,-0.1795654296875,False,,,False
1,260,260,1,0.970637321472168,1.8408203125,0.9301727414131165,-0.11199951171875,-0.42138671875,False,,,False
1,261,261,1,0.9435386657714844,0.81689453125,0.7700234055519104,-0.457763671875,-0.1474609375,False,,,False
1,262,262,1,1.0010435581207275,1.9921875,0.8840997815132141,-0.039764404296875,-0.3466796875,False,,,False
1,263,263,1,0.9741844534873962,0.8994140625,0.7481644153594971,-0.332275390625,-0.10693359375,False,,,False
1,264,264,1,0.9921325445175171,1.888671875,0.8728102445602417,-0.06304931640625,-0.329345703125,False,,,False
1,265,265,1,0.9756180644035339,0.94921875,0.7418817281723022,-0.310791015625,-0.09490966796875,False,,,False
1,266,266,1,0.9880039691925049,1.9208984375,0.8767192363739014,-0.06939697265625,-0.334716796875,False,,,False
1,267,267,1,0.9625741243362427,0.90576171875,0.7543402910232544,-0.36474609375,-0.1181640625,False,,,False
1,268,268,1,0.9789209961891174,1.9716796875,0.9195057153701782,-0.08599853515625,-0.406494140625,False,,,False
1,269,269,1,0.9220026731491089,0.8623046875,0.7947174906730652,-0.491455078125,-0.1917724609375,False,,,False
1,270,270,1,0.9791384935379028,2.044921875,0.9535406827926636,-0.0828857421875,-0.46142578125,False,,,False
1,271,271,1,0.9703725576400757,0.7275390625,0.7210386395454407,-0.43798828125,-0.054718017578125,False,,,False
1,272,272,1,1.0081769227981567,2.283203125,0.933840274810791,-0.0218353271484375,-0.426513671875,False,,,False
1,273,273,1,0.9168963432312012,0.8984375,0.8059314489364624,-0.4853515625,-0.212158203125,False,,,False
1,274,274,1,0.9728127121925354,1.97265625,0.8903026580810547,-0.09906005859375,-0.358642578125,False,,,False
1,275,275,1,0.9640641808509827,1.0341796875,0.7542978525161743,-0.300537109375,-0.118408203125,False,,,False
1,276,276,1,0.9723953604698181,1.89453125,0.8390679955482483,-0.10406494140625,-0.271240234375,False,,,False
1,277,277,1,0.9485593438148499,1.173828125,0.7822790145874023,-0.291015625,-0.16943359375,False,,,False
1,278,278,1,0.9435591697692871,1.76953125,0.8756308555603027,-0.1771240234375,-0.333740234375,False,,,False
1,279,279,1,0.8908159732818604,1.15625,0.8697127103805542,-0.439453125,-0.322998046875,False,,,False
1,280,280,1,0.9139040112495422,1.6611328125,0.9286942481994629,-0.258056640625,-0.42138671875,False,,,False
1,281,281,1,0.906350314617157,1.076171875,0.8194698095321655,-0.42822265625,-0.2366943359375,False,,,False
1,282,282,1,0.9423470497131348,1.921875,0.922470211982727,-0.16796875,-0.41015625,False,,,False
1,283,283,1,0.9438600540161133,0.91650390625,0.7500879764556885,-0.400634765625,-0.1103515625,False,,,False
1,284,284,1,0.9942748546600342,2.375,0.9200301766395569,-0.0517578125,-0.4072265625,False,,,False
1,285,285,1,0.960908830165863,0.86376953125,0.7292255163192749,-0.385498046875,-0.07061767578125,False,,,False
1,286,286,1,1.0098209381103516,2.505859375,0.8760052919387817,-0.02520751953125,-0.333740234375,False,,,False
1,287,287,1,0.9359132051467896,1.0478515625,0.7803682684898376,-0.366943359375,-0.16552734375,False,,,False
1,288,288,1,0.9737871885299683,2.125,0.8603246212005615,-0.09283447265625,-0.306640625,False,,,False
1,289,289,1,0.9506568312644958,1.0791015625,0.7605634927749634,-0.3212890625,-0.129150390625,False,,,False
1,290,290,1,0.9643784761428833,2.109375,0.8804316520690918,-0.1131591796875,-0.340576171875,False,,,False
1,291,291,1,0.9371035695075989,1.08203125,0.7740395069122314,-0.348876953125,-0.154541015625,False,,,False
1,292,292,1,0.9642846584320068,2.130859375,0.8749005794525146,-0.1126708984375,-0.331298828125,False,,,False
1,293,293,1,0.9331823587417603,1.072265625,0.7795124053955078,-0.37060546875,-0.16357421875,False,,,False
1,294,294,1,0.9605530500411987,2.169921875,0.875948965549469,-0.12017822265625,-0.332763671875,False,,,False
1,295,295,1,0.8921468257904053,1.130859375,0.8398615121841431,-0.4423828125,-0.273193359375,False,,,False
1,296,296,1,0.921501874923706,1.9560546875,0.9187444448471069,-0.21337890625,-0.405517578125,False,,,False
1,297,297,1,0.9170224070549011,1.0849609375,0.7946000695228577,-0.396728515625,-0.1925048828125,False,,,False
1,298,298,1,0.9275577068328857,2.0625,0.8908310532569885,-0.19482421875,-0.357421875,False,,,False
1,299,299,1,0.8909945487976074,1.2099609375,0.8434277772903442,-0.420166015625,-0.2783203125,False,,,False
1,300,300,1,0.9313368201255798,2.00390625,0.8871409893035889,-0.188232421875,-0.3515625,False,,,False
1,301,301,1,0.9259622097015381,1.1826171875,0.7809094190597534,-0.341064453125,-0.1676025390625,False,0.6068932,0.49110106,True
1,302,302,1,0.9475676417350769,2.2109375,0.8810086846351624,-0.148681640625,-0.338134765625,False,,,False
1,303,303,1,0.8803896307945251,1.1826171875,0.8406959772109985,-0.459716796875,-0.273193359375,False,,,False
1,304,304,1,0.9537688493728638,2.220703125,0.8824712038040161,-0.135009765625,-0.345703125,False,,,False
1,305,305,1,0.9605176448822021,1.0185546875,0.7237741351127625,-0.316650390625,-0.0601806640625,False,,,False
1,306,306,1,0.9926954507827759,2.638671875,0.8765278458595276,-0.0687255859375,-0.333251953125,False,,,False
1,307,307,1,0.8883864879608154,1.1826171875,0.8329178094863892,-0.4384765625,-0.260009765625,False,,,False
1,308,308,1,0.9330100417137146,2.154296875,0.9046546816825867,-0.1812744140625,-0.379150390625,False,,,False
1,309,309,1,0.9178834557533264,1.111328125,0.781755268573761,-0.392822265625,-0.1680908203125,False,,,False
1,310,310,1,0.9625805020332336,2.3984375,0.9114495515823364,-0.11920166015625,-0.3916015625,False,,,False
1,311,311,1,0.9471732974052429,0.9794921875,0.7439323663711548,-0.37060546875,-0.09808349609375,False,,,False
1,312,312,1,1.0265814065933228,2.84375,0.9067746996879578,-0.01551055908203125,-0.3857421875,False,,,False
1,313,313,1,0.9598479270935059,0.96923828125,0.7387993335723877,-0.339599609375,-0.0889892578125,False,,,False
1,314,314,1,1.0102314949035645,2.7265625,0.8295267820358276,-0.038726806640625,-0.2529296875,False,,,False
1,315,315,1,0.9210168123245239,1.341796875,0.8074331283569336,-0.3046875,-0.2154541015625,False,,,False
1,316,316,1,0.9183627367019653,1.9384765625,0.8706697225570679,-0.220947265625,-0.324462890625,False,,,False
1,317,317,1,0.9088618755340576,1.3603515625,0.8190577626228333,-0.333984375,-0.234619140625,False,,,False
1,318,318,1,0.9250948429107666,2.138671875,0.8787680864334106,-0.19970703125,-0.336181640625,False,,,False
1,319,319,1,0.9329026937484741,1.2958984375,0.7808999419212341,-0.28955078125,-0.16748046875,False,,,False
1,320,320,1,0.9487123489379883,2.2109375,0.8540817499160767,-0.1463623046875,-0.294921875,False,,,False
1,321,321,1,0.936543881893158,1.25,0.7723499536514282,-0.295166015625,-0.151611328125,False,,,False
1,322,322,1,0.9507761001586914,2.4140625,0.8740401268005371,-0.1463623046875,-0.3271484375,False,,,False
1,323,323,1,0.9408011436462402,1.1689453125,0.7652802467346191,-0.31103515625,-0.138671875,False,,,False
1,324,324,1,0.9793771505355835,2.607421875,0.8320969939231873,-0.09442138671875,-0.256591796875,False,,,False
1,325,325,1,0.944621741771698,1.373046875,0.7698638439178467,-0.2423095703125,-0.14697265625,False,,,False
1,326,326,1,0.9474965333938599,2.271484375,0.8440030217170715,-0.1490478515625,-0.2783203125,False,,,False
1,327,327,1,0.9274657964706421,1.291015625,0.7827906012535095,-0.3056640625,-0.1707763671875,False,,,False
1,328,328,1,0.922849178314209,2.3515625,0.8967515230178833,-0.2071533203125,-0.36474609375,False,,,False
1,329,329,1,0.893367350101471,1.23046875,0.8209939002990723,-0.41064453125,-0.23828125,False,,,False
1,330,330,1,0.9180458188056946,2.416015625,0.9778463840484619,-0.2215576171875,-0.489990234375,False,,,False
1,331,331,1,0.896105170249939,0.984375,0.7956803441047668,-0.51025390625,-0.1922607421875,False,,,False
1,332,332,1,0.9791243076324463,3.013671875,0.9372395277023315,-0.1326904296875,-0.431640625,False,,,False
1,333,333,1,0.8498933911323547,1.228515625,0.8855494260787964,-0.52099609375,-0.3515625,False,,,False
1,334,334,1,0.9109380841255188,2.234375,0.9342468976974487,-0.230712890625,-0.4296875,False,,,False
1,335,335,1,0.8828833103179932,1.1484375,0.8280179500579834,-0.46923828125,-0.25146484375,False,,,False
1,336,336,1,0.9085448980331421,2.697265625,1.0297986268997192,-0.263671875,-0.57275390625,False,,,False
1,337,337,1,0.8407827615737915,0.99365234375,0.8857195377349854,-0.68359375,-0.34765625,False,,,False
1,338,338,1,0.933782160282135,3.0078125,1.107962965965271,-0.2347412109375,-0.6943359375,False,,,False
1,339,339,1,0.9088486433029175,0.97265625,0.7747663259506226,-0.4775390625,-0.15576171875,False,,,False
1,340,340,1,0.9685117602348328,2.8984375,0.9790042638778687,-0.1427001953125,-0.494873046875,False,,,False
1,341,341,1,0.7857581377029419,0.97705078125,0.9822025299072266,-0.9013671875,-0.492431640625,False,,,False
1,342,342,1,0.871082603931427,2.876953125,1.225464105606079,-0.370849609375,-0.85498046875,False,,,False
1,343,343,1,0.8189607858657837,0.9365234375,0.9109889268875122,-0.75732421875,-0.39453125,False,,,False
1,344,344,1,0.900185227394104,2.74609375,1.2587792873382568,-0.283203125,-0.9052734375,False,,,False
1,345,345,1,0.8987118005752563,0.548828125,0.7623130083084106,-0.787109375,-0.133544921875,False,,,False
1,346,346,1,1.0552440881729126,3.78125,0.9394705295562744,-0.07916259765625,-0.440185546875,False,,,False
1,347,347,1,0.880467414855957,1.85546875,0.901913583278656,-0.329345703125,-0.36669921875,False,,,False
1,348,348,1,0.8659747838973999,1.666015625,0.9054328203201294,-0.376708984375,-0.381103515625,False,,,False
1,349,349,1,0.8815833330154419,1.7646484375,0.8878448009490967,-0.328369140625,-0.349853515625,False,,,False
1,350,350,1,0.8608510494232178,1.66796875,0.9120808839797974,-0.39599609375,-0.38916015625,False,,,False
1,351,351,1,0.8783746361732483,1.7646484375,0.8926873207092285,-0.343994140625,-0.35302734375,False,,,False
1,352,352,1,0.8473116159439087,1.7265625,0.9381558895111084,-0.421630859375,-0.43212890625,False,,,False
1,353,353,1,0.9000834822654724,1.7880859375,0.8487211465835571,-0.2802734375,-0.28466796875,False,,,False
1,354,354,1,0.8964763879776001,1.7412109375,0.8571943044662476,-0.292724609375,-0.30029296875,False,,,False
1,355,355,1,0.9084794521331787,1.830078125,0.8416452407836914,-0.255859375,-0.27197265625,False,,,False
1,356,356,1,0.8948040008544922,1.7109375,0.8515206575393677,-0.302490234375,-0.29052734375,False,,,False
1,357,357,1,0.9010967016220093,1.79296875,0.8487017154693604,-0.276611328125,-0.285400390625,False,,,False
1,358,358,1,0.902432382106781,1.859375,0.8462815284729004,-0.26806640625,-0.280517578125,False,,,False
1,359,359,1,0.8875478506088257,1.7802734375,0.8631746768951416,-0.31103515625,-0.3095703125,False,,,False
1,360,360,1,0.8632738590240479,1.8447265625,0.9153521656990051,-0.36572265625,-0.395751953125,False,,,False
1,361,361,1,0.8871794939041138,1.677734375,0.8520970344543457,-0.32763671875,-0.29052734375,False,,,False
1,362,362,1,0.9012067317962646,2.095703125,0.8664523363113403,-0.2568359375,-0.31591796875,False,,,False
1,363,363,1,0.8884174823760986,1.572265625,0.8379358649253845,-0.3388671875,-0.267578125,False,,,False
1,364,364,1,0.9050219655036926,2.34375,0.8893574476242065,-0.248291015625,-0.3525390625,False,,,False
1,365,365,1,0.9267667531967163,1.1865234375,0.7674453258514404,-0.34619140625,-0.141845703125,False,,,False
1,366,366,1,1.0205137729644775,3.509765625,0.8672274947166443,-0.111083984375,-0.315185546875,False,,,False
1,367,367,1,0.9133526086807251,1.369140625,0.7962910532951355,-0.322021484375,-0.1943359375,False,,,False
1,368,368,1,0.9600483775138855,2.73828125,0.8457881808280945,-0.1473388671875,-0.280517578125,False,,,False
1,369,369,1,0.9292916655540466,1.26171875,0.7752141952514648,-0.312255859375,-0.156494140625,False,,,False
1,370,370,1,0.9786794185638428,3.001953125,0.8404525518417358,-0.13232421875,-0.2705078125,False,,,False
1,371,371,1,0.9169420599937439,1.501953125,0.801764965057373,-0.280517578125,-0.2042236328125,False,,,False
1,372,372,1,0.9044544100761414,2.40625,0.9026101231575012,-0.251953125,-0.37548828125,False,,,False
1,373,373,1,0.9304810166358948,1.2900390625,0.7723668813705444,-0.298828125,-0.1514892578125,False,,,False
1,374,374,1,0.9614144563674927,2.837890625,0.8437361717224121,-0.154052734375,-0.273193359375,False,,,False
1,375,375,1,0.9282165765762329,1.486328125,0.7888355255126953,-0.25927734375,-0.180419921875,False,,,False
1,376,376,1,0.9271519184112549,2.5390625,0.8737843036651611,-0.2061767578125,-0.32666015625,False,,,False
1,377,377,1,0.8501288294792175,1.349609375,0.8963633179664612,-0.51708984375,-0.357421875,False,,,False
1,378,378,1,0.9320412874221802,2.716796875,0.8925211429595947,-0.2113037109375,-0.353515625,False,,,False
1,379,379,1,0.9373140335083008,1.28125,0.771073579788208,-0.2900390625,-0.1484375,False,,,False
1,380,380,1,0.9826252460479736,3.0703125,0.8602200746536255,-0.1319580078125,-0.3037109375,False,,,False
1,381,381,1,0.9362342357635498,1.2744140625,0.7722377181053162,-0.291015625,-0.1512451171875,False,,,False
1,382,382,1,0.9791704416275024,3.015625,0.8314756155014038,-0.132568359375,-0.25537109375,False,,,False
1,383,383,1,0.9379119873046875,1.455078125,0.7791721224784851,-0.244384765625,-0.162353515625,False,,,False
1,384,384,1,0.955151379108429,2.6328125,0.8185235261917114,-0.1502685546875,-0.232421875,False,,,False
1,385,385,1,0.9402831196784973,1.462890625,0.7749115228652954,-0.2337646484375,-0.15576171875,False,,,False
1,386,386,1,0.9578994512557983,2.66796875,0.8218124508857727,-0.1456298828125,-0.2386474609375,False,,,False
1,387,387,1,0.9411005973815918,1.4248046875,0.7722055912017822,-0.2423095703125,-0.1507568359375,False,,,False
1,388,388,1,0.9379159212112427,2.716796875,0.8683567643165588,-0.1951904296875,-0.31689453125,False,,,False
1,389,389,1,0.9392381906509399,1.3408203125,0.7743842601776123,-0.264892578125,-0.155029296875,False,,,False
1,390,390,1,0.9728228449821472,2.9140625,0.8211960792541504,-0.1368408203125,-0.2364501953125,False,,,False
1,391,391,1,0.9259246587753296,1.5283203125,0.7923575639724731,-0.255859375,-0.186767578125,False,,,False
1,392,392,1,0.9365746974945068,2.478515625,0.827557384967804,-0.1815185546875,-0.2490234375,False,,,False
1,393,393,1,0.9351004958152771,1.53125,0.781401515007019,-0.2330322265625,-0.1673583984375,False,,,False
1,394,394,1,0.9379945397377014,2.548828125,0.8418856859207153,-0.1826171875,-0.27294921875,False,,,False
1,395,395,1,0.9432702660560608,1.37109375,0.7707400918006897,-0.251953125,-0.1474609375,False,,,False
1,396,396,1,0.9785605669021606,2.951171875,0.8092032074928284,-0.1273193359375,-0.21630859375,False,,,False
1,397,397,1,0.9143779873847961,1.5634765625,0.8056426048278809,-0.275634765625,-0.210693359375,False,,,False
1,398,398,1,0.9390442371368408,2.400390625,0.8199352622032166,-0.1727294921875,-0.23486328125,False,,,False
1,399,399,1,0.9337255954742432,1.5673828125,0.7837492823600769,-0.2303466796875,-0.17138671875,False,,,False
1,400,400,1,0.9254642128944397,2.5078125,0.856802225112915,-0.2117919921875,-0.2958984375,False,,,False
1,401,401,1,0.9395854473114014,1.34765625,0.7755376100540161,-0.263427734375,-0.1561279296875,False,0.5929635,0.49417606,True
1,402,402,1,0.9878928661346436,3.212890625,0.826944887638092,-0.1387939453125,-0.247802734375,False,,,False
1,403,403,1,0.9156374931335449,1.5458984375,0.8077486753463745,-0.281982421875,-0.2117919921875,False,,,False
1,404,404,1,0.9368760585784912,2.53515625,0.8345948457717896,-0.1859130859375,-0.2587890625,False,,,False
1,405,405,1,0.9241560101509094,1.529296875,0.7948113083839417,-0.261962890625,-0.190185546875,False,,,False
1,406,406,1,0.9014890193939209,2.6015625,0.9217002987861633,-0.27099609375,-0.404541015625,False,,,False
1,407,407,1,0.854634165763855,1.1953125,0.8723204135894775,-0.52734375,-0.327392578125,False,,,False
1,408,408,1,0.8649638295173645,3.365234375,1.1871023178100586,-0.45458984375,-0.81396484375,False,,,False
1,409,409,1,0.7392911314964294,1.0693359375,1.2012782096862793,-1.3232421875,-0.7490234375,False,,,False
1,410,410,1,0.8946973085403442,3.572265625,1.2736486196517944,-0.4404296875,-0.890625,False,,,False
1,411,411,1,0.7475022673606873,1.1455078125,1.04994535446167,-0.9111328125,-0.60693359375,False,,,False
1,412,412,1,0.9141645431518555,3.279296875,1.0346086025238037,-0.318359375,-0.58349609375,False,,,False
1,413,413,1,0.8339234590530396,1.2783203125,0.9144930839538574,-0.58642578125,-0.388427734375,False,,,False
1,414,414,1,0.8839070200920105,2.978515625,1.0281181335449219,-0.355712890625,-0.56640625,False,,,False
1,415,415,1,0.8481649160385132,1.22265625,0.9233444333076477,-0.6015625,-0.38818359375,False,,,False
1,416,416,1,0.9530757069587708,3.294921875,0.9396904706954956,-0.2314453125,-0.430908203125,False,,,False
1,417,417,1,0.892024040222168,1.3583984375,0.8528148531913757,-0.412109375,-0.281982421875,False,,,False
1,418,418,1,0.8721016049385071,3.03125,1.0566558837890625,-0.39501953125,-0.60791015625,False,,,False
1,419,419,1,0.8566292524337769,1.244140625,0.8737226724624634,-0.5107421875,-0.328369140625,False,,,False
1,420,420,1,0.9432040452957153,3.04296875,0.884297251701355,-0.21826171875,-0.3427734375,False,,,False
1,421,421,1,0.91374671459198,1.564453125,0.8102283477783203,-0.28076171875,-0.21728515625,False,,,False
1,422,422,1,0.9206623435020447,2.44140625,0.8558698892593384,-0.2208251953125,-0.29345703125,False,,,False
1,423,423,1,0.8908873796463013,1.3916015625,0.8316601514816284,-0.37353515625,-0.256591796875,False,,,False
1,424,424,1,0.9415802359580994,2.888671875,0.8619855642318726,-0.202880859375,-0.30712890625,False,,,False
1,425,425,1,0.9166698455810547,1.431640625,0.801959216594696,-0.298828125,-0.2039794921875,False,,,False
1,426,426,1,0.9342660307884216,2.814453125,0.8657509088516235,-0.2125244140625,-0.314208984375,False,,,False
1,427,427,1,0.9260527491569519,1.40234375,0.7942287921905518,-0.287109375,-0.1890869140625,False,,,False
1,428,428,1,0.9557828903198242,2.98828125,0.8544514179229736,-0.183349609375,-0.29248046875,False,,,False
1,429,429,1,0.928002119064331,1.390625,0.7913547158241272,-0.280517578125,-0.1849365234375,False,,,False
1,430,430,1,0.973227858543396,3.01953125,0.8311976790428162,-0.14697265625,-0.2548828125,False,,,False
1,431,431,1,0.9183470010757446,1.482421875,0.802894651889801,-0.286376953125,-0.204833984375,False,,,False
1,432,432,1,0.9295104146003723,2.693359375,0.8684078454971313,-0.213134765625,-0.3173828125,False,,,False
1,433,433,1,0.8952126502990723,1.3984375,0.8293014764785767,-0.3603515625,-0.251953125,False,,,False
1,434,434,1,0.9521374702453613,2.900390625,0.8355637192726135,-0.18115234375,-0.26123046875,False,,,False
1,435,435,1,0.9275656938552856,1.525390625,0.7930572032928467,-0.25537109375,-0.1875,False,,,False
1,436,436,1,0.9029132723808289,2.7734375,0.9368981122970581,-0.289306640625,-0.42333984375,False,,,False
1,437,437,1,0.9541846513748169,1.1865234375,0.7760013937950134,-0.28125,-0.156494140625,False,,,False
1,438,438,1,1.0149407386779785,3.75,0.8408649563789368,-0.1632080078125,-0.268798828125,False,,,False
1,439,439,1,0.8587939739227295,1.8759765625,0.9122464656829834,-0.384033203125,-0.38427734375,False,,,False
1,440,440,1,0.841959536075592,1.95703125,0.9583955407142639,-0.42724609375,-0.456298828125,False,,,False
1,441,441,1,0.8775625824928284,1.85546875,0.8827062249183655,-0.339111328125,-0.33740234375,False,,,False
1,442,442,1,0.8975714445114136,2.017578125,0.8536385297775269,-0.269775390625,-0.293212890625,False,,,False
1,443,443,1,0.8970238566398621,1.7470703125,0.8356526494026184,-0.29443359375,-0.262451171875,False,,,False
1,444,444,1,0.9087668657302856,2.310546875,0.8582508563995361,-0.241455078125,-0.2998046875,False,,,False
1,445,445,1,0.9319899678230286,1.45703125,0.7835882902145386,-0.2626953125,-0.170654296875,False,,,False
1,446,446,1,0.9777924418449402,3.1875,0.8373459577560425,-0.158203125,-0.265625,False,,,False
1,447,447,1,0.9192015528678894,1.39453125,0.7978413701057434,-0.300048828125,-0.197265625,False,,,False
1,448,448,1,0.9855723977088928,3.271484375,0.8236615061759949,-0.15478515625,-0.2406005859375,False,,,False
1,449,449,1,0.9205148220062256,1.44140625,0.794603705406189,-0.28759765625,-0.1915283203125,False,,,False
1,450,450,1,0.975742757320404,3.123046875,0.8237595558166504,-0.1539306640625,-0.2410888671875,False,,,False
1,451,451,1,0.9352124333381653,1.3857421875,0.7807965874671936,-0.264404296875,-0.1666259765625,False,,,False
1,452,452,1,0.9772539734840393,3.22265625,0.8368167877197266,-0.1650390625,-0.263671875,False,,,False
1,453,453,1,0.9301283359527588,1.4873046875,0.7910354137420654,-0.2568359375,-0.18408203125,False,,,False
1,454,454,1,0.948478102684021,2.9140625,0.8366540670394897,-0.1905517578125,-0.264404296875,False,,,False
1,455,455,1,0.9230396151542664,1.44921875,0.8028386235237122,-0.285888671875,-0.2041015625,False,,,False
1,456,456,1,0.9699422121047974,3.078125,0.8232431411743164,-0.16259765625,-0.240478515625,False,,,False
1,457,457,1,0.9296239018440247,1.541015625,0.7918180227279663,-0.245849609375,-0.185546875,False,,,False
1,458,458,1,0.9357362985610962,2.890625,0.8557054400444031,-0.2159423828125,-0.297607421875,False,,,False
1,459,459,1,0.9490478038787842,1.3095703125,0.7725601196289062,-0.2578125,-0.15087890625,False,,,False
1,460,460,1,0.9814645051956177,3.3984375,0.8589661717414856,-0.1798095703125,-0.30224609375,False,,,False
1,461,461,1,0.901567816734314,1.5576171875,0.8298432230949402,-0.311767578125,-0.251708984375,False,,,False
1,462,462,1,0.908271312713623,2.71875,0.8987870812416077,-0.265869140625,-0.366943359375,False,,,False
1,463,463,1,0.8777039051055908,1.3134765625,0.8765338659286499,-0.459716796875,-0.3232421875,False,,,False
1,464,464,1,0.9754233360290527,3.296875,0.8495700359344482,-0.1796875,-0.2861328125,False,,,False
1,465,465,1,0.9348510503768921,1.5390625,0.7877264022827148,-0.2369384765625,-0.1778564453125,False,,,False
1,466,466,1,0.9575035572052002,2.78515625,0.8126053810119629,-0.156982421875,-0.222412109375,False,,,False
1,467,467,1,0.9450979232788086,1.486328125,0.7728179693222046,-0.22265625,-0.1513671875,False,,,False
1,468,468,1,0.9569903016090393,2.927734375,0.8259739875793457,-0.1734619140625,-0.24560546875,False,,,False
1,469,469,1,0.9382851123809814,1.50390625,0.7812005877494812,-0.233154296875,-0.166748046875,False,,,False
1,470,470,1,0.9551526308059692,2.9453125,0.8373678922653198,-0.178955078125,-0.264892578125,False,,,False
1,471,471,1,0.9503012895584106,1.41015625,0.7688798904418945,-0.2239990234375,-0.1441650390625,False,,,False
1,472,472,1,0.9721869230270386,3.1484375,0.8368228673934937,-0.1658935546875,-0.263427734375,False,,,False
1,473,473,1,0.9476945996284485,1.451171875,0.7753742933273315,-0.22021484375,-0.15576171875,False,,,False
1,474,474,1,0.9756451845169067,3.0546875,0.8137146234512329,-0.14697265625,-0.22314453125,False,,,False
1,475,475,1,0.924312949180603,1.5380859375,0.8010803461074829,-0.261474609375,-0.2017822265625,False,,,False
1,476,476,1,0.8911810517311096,2.822265625,0.9419026374816895,-0.320068359375,-0.43408203125,False,,,False
1,477,477,1,0.8842943906784058,1.3779296875,0.8508355617523193,-0.402587890625,-0.284423828125,False,,,False
1,478,478,1,0.9529414772987366,3.0625,0.8584884405136108,-0.1986083984375,-0.30126953125,False,,,False
1,479,479,1,0.9307180047035217,1.404296875,0.7915342450141907,-0.270263671875,-0.185791015625,False,,,False
1,480,480,1,0.9527601003646851,3.11328125,0.8641548156738281,-0.205810546875,-0.3125,False,,,False
1,481,481,1,0.9247215986251831,1.396484375,0.800711989402771,-0.285888671875,-0.2025146484375,False,,,False
1,482,482,1,0.9622661471366882,3.19921875,0.8557319045066833,-0.196044921875,-0.29541015625,False,,,False
1,483,483,1,0.9316284656524658,1.5654296875,0.7913094758987427,-0.23779296875,-0.1839599609375,False,,,False
1,484,484,1,0.9280956387519836,2.72265625,0.8520628213882446,-0.22119140625,-0.2880859375,False,,,False
1,485,485,1,0.925114631652832,1.4267578125,0.7969591617584229,-0.2802734375,-0.194580078125,False,,,False
1,486,486,1,0.9473973512649536,3.0859375,0.8578104972839355,-0.2149658203125,-0.29833984375,False,,,False
1,487,487,1,0.9217084646224976,1.47265625,0.8044431209564209,-0.28125,-0.20751953125,False,,,False
1,488,488,1,0.9668974876403809,3.0625,0.8292864561080933,-0.1668701171875,-0.250732421875,False,,,False
1,489,489,1,0.9232560992240906,1.4990234375,0.7992362976074219,-0.267578125,-0.19921875,False,,,False
1,490,490,1,0.939500093460083,2.90625,0.8538632392883301,-0.2099609375,-0.29345703125,False,,,False
1,491,491,1,0.9142190217971802,1.4345703125,0.8072001934051514,-0.30126953125,-0.2135009765625,False,,,False
1,492,492,1,0.9632582068443298,3.0625,0.8242892026901245,-0.175537109375,-0.2415771484375,False,,,False
1,493,493,1,0.9318161010742188,1.537109375,0.793016791343689,-0.24267578125,-0.1868896484375,False,,,False
1,494,494,1,0.9473289847373962,2.900390625,0.8394818305969238,-0.1915283203125,-0.269287109375,False,,,False
1,495,495,1,0.9382500052452087,1.3515625,0.7855594158172607,-0.266845703125,-0.174072265625,False,,,False
1,496,496,1,0.9951382279396057,3.384765625,0.8162356615066528,-0.1485595703125,-0.22900390625,False,,,False
1,497,497,1,0.9284266233444214,1.673828125,0.7946817874908447,-0.2265625,-0.1905517578125,False,,,False
1,498,498,1,0.9421439170837402,2.58984375,0.8119646310806274,-0.17529296875,-0.2216796875,False,,,False
1,499,499,1,0.9347453713417053,1.5263671875,0.7874829769134521,-0.2384033203125,-0.1781005859375,False,,,False
1,500,500,1,0.9688424468040466,2.92578125,0.8045904636383057,-0.146484375,-0.208251953125,False,,,False
1,501,501,1,0.9429208040237427,1.55078125,0.7794780731201172,-0.213134765625,-0.163330078125,False,0.684761,0.49104282,True
1,502,502,1,0.9520295858383179,2.90234375,0.8229809999465942,-0.181396484375,-0.2398681640625,False,,,False
1,503,503,1,0.9399648904800415,1.5302734375,0.7846444845199585,-0.2242431640625,-0.171875,False,,,False
1,504,504,1,0.9480051398277283,2.8828125,0.8275384306907654,-0.1903076171875,-0.246337890625,False,,,False
1,505,505,1,0.8954566121101379,1.5419921875,0.8422958254814148,-0.337158203125,-0.270263671875,False,,,False
1,506,506,1,0.9153562784194946,2.849609375,0.8832587003707886,-0.265380859375,-0.33935546875,False,,,False
1,507,507,1,0.934605598449707,1.462890625,0.7909499406814575,-0.251708984375,-0.18359375,False,,,False
1,508,508,1,0.9597408175468445,3.078125,0.8340954780578613,-0.1864013671875,-0.2578125,False,,,False
1,509,509,1,0.9176932573318481,1.583984375,0.8052132725715637,-0.265380859375,-0.209716796875,False,,,False
1,510,510,1,0.9244817495346069,2.732421875,0.8553916811943054,-0.2281494140625,-0.29541015625,False,,,False
1,511,511,1,0.9347732663154602,1.45703125,0.7883540391921997,-0.25146484375,-0.1793212890625,False,,,False
1,512,512,1,0.9694480895996094,3.166015625,0.8310168385505676,-0.1773681640625,-0.2509765625,False,,,False
1,513,513,1,0.9222726821899414,1.498046875,0.8093512058258057,-0.277587890625,-0.2132568359375,False,,,False
1,514,514,1,0.9556436538696289,3.08984375,0.8412006497383118,-0.196044921875,-0.27099609375,False,,,False
1,515,515,1,0.9347010850906372,1.4208984375,0.7906996607780457,-0.259033203125,-0.1832275390625,False,,,False
1,516,516,1,0.9795401096343994,3.2421875,0.8224866986274719,-0.162353515625,-0.2396240234375,False,,,False
1,517,517,1,0.9409180879592896,1.5576171875,0.7817100286483765,-0.217529296875,-0.16796875,False,,,False
1,518,518,1,0.9560872316360474,2.890625,0.8124465346336365,-0.170654296875,-0.22216796875,False,,,False
1,519,519,1,0.9436521530151367,1.5673828125,0.7797901630401611,-0.20947265625,-0.164306640625,False,,,False
1,520,520,1,0.9503486156463623,2.849609375,0.8218547105789185,-0.1806640625,-0.237060546875,False,,,False
1,521,521,1,0.9249317049980164,1.5390625,0.8018940687179565,-0.256103515625,-0.20361328125,False,,,False
1,522,522,1,0.9586379528045654,2.97265625,0.8181284666061401,-0.1751708984375,-0.2315673828125,False,,,False
1,523,523,1,0.940836489200592,1.4638671875,0.7827222943305969,-0.233154296875,-0.169677734375,False,,,False
1,524,524,1,0.9748379588127136,3.14453125,0.8087131977081299,-0.158447265625,-0.2164306640625,False,,,False
1,525,525,1,0.9352227449417114,1.634765625,0.784899115562439,-0.2156982421875,-0.1734619140625,False,,,False
1,526,526,1,0.9423884153366089,2.708984375,0.8232128620147705,-0.1844482421875,-0.2406005859375,False,,,False
1,527,527,1,0.941805362701416,1.443359375,0.7847537994384766,-0.2379150390625,-0.1727294921875,False,,,False
1,528,528,1,0.9706693291664124,3.23046875,0.8288991451263428,-0.182373046875,-0.2493896484375,False,,,False
1,529,529,1,0.9275922775268555,1.5908203125,0.7997989654541016,-0.2430419921875,-0.1988525390625,False,,,False
1,530,530,1,0.9512518048286438,2.814453125,0.8123033046722412,-0.1749267578125,-0.220947265625,False,,,False
1,531,531,1,0.9349795579910278,1.5947265625,0.7853494882583618,-0.222900390625,-0.174560546875,False,,,False
1,532,532,1,0.9451043605804443,2.763671875,0.8195253014564514,-0.18408203125,-0.233642578125,False,,,False
1,533,533,1,0.931232750415802,1.583984375,0.7937183380126953,-0.2349853515625,-0.1888427734375,False,,,False
1,534,534,1,0.9316118359565735,2.9375,0.8605027198791504,-0.234130859375,-0.302978515625,False,,,False
1,535,535,1,0.9129053950309753,1.423828125,0.8225307464599609,-0.31689453125,-0.2379150390625,False,,,False
1,536,536,1,0.9577897787094116,3.34765625,0.8769880533218384,-0.2322998046875,-0.324951171875,False,,,False
1,537,537,1,0.9217594861984253,1.513671875,0.8020817041397095,-0.268310546875,-0.2042236328125,False,,,False
1,538,538,1,0.9563577771186829,2.984375,0.8322425484657288,-0.1810302734375,-0.256591796875,False,,,False
1,539,539,1,0.948542058467865,1.3994140625,0.7787742018699646,-0.2314453125,-0.1619873046875,False,,,False
1,540,540,1,0.9929596781730652,3.361328125,0.8043222427368164,-0.14892578125,-0.208251953125,False,,,False
1,541,541,1,0.9267696142196655,1.666015625,0.797909677028656,-0.232666015625,-0.196533203125,False,,,False
1,542,542,1,0.9502742886543274,2.69140625,0.7997243404388428,-0.1651611328125,-0.199951171875,False,,,False
1,543,543,1,0.9439074993133545,1.607421875,0.7778341174125671,-0.2010498046875,-0.160888671875,False,,,False
1,544,544,1,0.9562812447547913,2.810546875,0.80376136302948,-0.1634521484375,-0.20703125,False,,,False
1,545,545,1,0.9353201389312744,1.5693359375,0.7898627519607544,-0.227783203125,-0.1824951171875,False,,,False
1,546,546,1,0.9336941838264465,2.986328125,0.8629213571548462,-0.234619140625,-0.306884765625,False,,,False
1,547,547,1,0.9000086188316345,1.45703125,0.8428313136100769,-0.349853515625,-0.26806640625,False,,,False
1,548,548,1,0.9679239988327026,3.12109375,0.8245575428009033,-0.17041015625,-0.24462890625,False,,,False
1,549,549,1,0.9411248564720154,1.46875,0.7817080616950989,-0.232177734375,-0.167724609375,False,,,False
1,550,550,1,0.9683495759963989,3.1484375,0.822227418422699,-0.1737060546875,-0.2401123046875,False,,,False
1,551,551,1,0.9263184070587158,1.5498046875,0.8014609217643738,-0.25439453125,-0.20166015625,False,,,False
1,552,552,1,0.9555561542510986,2.923828125,0.8190650343894958,-0.175537109375,-0.2342529296875,False,,,False
1,553,553,1,0.9317125082015991,1.53515625,0.7956173419952393,-0.2431640625,-0.1922607421875,False,,,False
1,554,554,1,0.9749202728271484,3.041015625,0.7925668954849243,-0.1453857421875,-0.1876220703125,False,,,False
1,555,555,1,0.9458823204040527,1.5869140625,0.7754824161529541,-0.1990966796875,-0.1566162109375,False,,,False
1,556,556,1,0.9590979814529419,2.8515625,0.8055897355079651,-0.1610107421875,-0.2098388671875,False,,,False
1,557,557,1,0.9247235655784607,1.517578125,0.8060003519058228,-0.26708984375,-0.2098388671875,False,,,False
1,558,558,1,0.9699140191078186,3.10546875,0.8099686503410339,-0.166259765625,-0.216064453125,False,,,False
1,559,559,1,0.9410566687583923,1.5537109375,0.7849118709564209,-0.218017578125,-0.1729736328125,False,,,False
1,560,560,1,0.966762363910675,2.998046875,0.8033852577209473,-0.159423828125,-0.206787109375,True,0.65462035,0.48932385,True
